category,line_item,armp_total,army,navy,usmc,army_pct,navy_pct,usmc_pct
operating_expenses,IT Expense & Maint,38738.81,37938.17,800.0,64.0,97.9332354297925,2.065112480223321,0.1652089984178657
operating_expenses,Other Expenses,40905.05,40177.49,727.0,56.0,98.22134430834333,1.7772866675386043,0.1369024118048994
