category,line_item,armp_total,army,navy,usmc,army_pct,navy_pct,usmc_pct
operating_expenses,Communications,58563.73,57851.86,711.0,87.0,98.78445242473455,1.2140620141510794,0.14855611143620803
operating_expenses,Vehicle Expense,4231.0,4120.49,110.0,51.0,97.38808792247696,2.599858189553297,1.2053887969747106
